order_num,User ID,code,name,Buy Qty,Sell Qty,qty,price,현재 가격,평균 가격 대비,수익률
0,heathermurphy@yahoo.com,A403550,쏘카,67.0,0.0,67.0,16950.0,19610,2660.0,15.693215339233038
4,heathermurphy@yahoo.com,A059100,아이컴포넌트,73.0,33.0,40.0,5010.0,5230,220.0,4.39121756487026
6,heathermurphy@yahoo.com,A109740,디에스케이,19.0,10.0,9.0,6520.0,5530,-990.0,-15.184049079754603
7,heathermurphy@yahoo.com,A452430,사피엔반도체,67.0,0.0,67.0,29200.0,21400,-7800.0,-26.71232876712329
8,heathermurphy@yahoo.com,A012630,HDC,51.0,0.0,51.0,8750.0,8030,-720.0,-8.228571428571428
9,heathermurphy@yahoo.com,A005070,코스모신소재,53.0,0.0,53.0,149000.0,137000,-12000.0,-8.053691275167784
10,heathermurphy@yahoo.com,A038290,마크로젠,54.0,0.0,54.0,20050.0,21850,1800.0,8.977556109725686
11,heathermurphy@yahoo.com,A256940,케이피에스,130.0,0.0,130.0,6330.0,6490,160.0,2.527646129541864
12,heathermurphy@yahoo.com,A074600,원익QnC,35.0,0.0,35.0,31950.0,32900,950.0,2.97339593114241
13,heathermurphy@yahoo.com,A089980,상아프론테크,95.0,22.0,73.0,22200.0,27600,5400.0,24.324324324324326
16,heathermurphy@yahoo.com,A032620,유비케어,96.0,0.0,96.0,4730.0,4835,105.0,2.2198731501057085
17,heathermurphy@yahoo.com,A089790,제이티,342.0,0.0,342.0,9410.0,8450,-960.0,-10.201912858660998
18,heathermurphy@yahoo.com,A100840,SNT에너지,70.0,31.0,39.0,10850.0,10280,-570.0,-5.253456221198157
19,heathermurphy@yahoo.com,A004020,현대제철,23.0,0.0,23.0,31550.0,30950,-600.0,-1.9017432646592711
20,heathermurphy@yahoo.com,A090470,제이스텍,68.0,19.0,49.0,8680.0,8390,-290.0,-3.3410138248847927
21,heathermurphy@yahoo.com,A009450,경동나비엔,71.0,46.0,25.0,59200.0,49400,-9800.0,-16.554054054054053
22,heathermurphy@yahoo.com,A403870,HPSP,32.0,0.0,32.0,38700.0,38800,100.0,0.2583979328165375
23,heathermurphy@yahoo.com,A124500,아이티센,44.0,0.0,44.0,5110.0,4615,-495.0,-9.686888454011742
24,heathermurphy@yahoo.com,A226330,신테카바이오,14.0,0.0,14.0,10670.0,9300,-1370.0,-12.839737582005622
25,heathermurphy@yahoo.com,A131090,시큐브,70.0,0.0,70.0,942.0,948,6.0,0.6369426751592357
26,heathermurphy@yahoo.com,A126720,수산인더스트리,30.0,0.0,30.0,22750.0,25400,2650.0,11.648351648351648
27,alexwilson3@yahoo.com,A000490,대동,17.0,0.0,17.0,15330.0,11200,-4130.0,-26.94063926940639
28,alexwilson3@yahoo.com,A051360,토비스,54.0,0.0,54.0,17380.0,19160,1780.0,10.241657077100115
29,alexwilson3@yahoo.com,A019990,에너토크,61.0,0.0,61.0,5820.0,6500,680.0,11.683848797250858
30,alexwilson3@yahoo.com,A272210,한화시스템,160.0,0.0,160.0,19850.0,17820,-2030.0,-10.226700251889168
33,alexwilson3@yahoo.com,A057050,현대홈쇼핑,55.0,24.0,31.0,54600.0,54000,-600.0,-1.098901098901099
34,alexwilson3@yahoo.com,A013030,하이록코리아,44.0,0.0,44.0,27050.0,28500,1450.0,5.360443622920517
35,alexwilson3@yahoo.com,A077500,유니퀘스트,101.0,0.0,101.0,7050.0,6540,-510.0,-7.234042553191489
36,alexwilson3@yahoo.com,A024850,HLB이노베이션,4.0,0.0,4.0,4935.0,3130,-1805.0,-36.575481256332324
38,alexwilson3@yahoo.com,A045390,대아티아이,64.0,0.0,64.0,3010.0,3055,45.0,1.495016611295681
39,alexwilson3@yahoo.com,A005930,삼성전자,53.0,33.0,20.0,76800.0,75900,-900.0,-1.171875
41,alexwilson3@yahoo.com,A052690,한전기술,77.0,73.0,4.0,61400.0,70200,8800.0,14.332247557003258
43,alexwilson3@yahoo.com,A217500,러셀,86.0,85.0,1.0,2685.0,2750,65.0,2.4208566108007448
44,alexwilson3@yahoo.com,A049480,오픈베이스,158.0,0.0,158.0,2495.0,2500,5.0,0.2004008016032064
45,alexwilson3@yahoo.com,A351320,에스에이티이엔지,81.0,0.0,81.0,2135.0,1980,-155.0,-7.259953161592506
46,alexwilson3@yahoo.com,A003160,디아이,72.0,0.0,72.0,19040.0,19170,130.0,0.6827731092436975
47,alexwilson3@yahoo.com,A219130,타이거일렉,5.0,0.0,5.0,36350.0,33600,-2750.0,-7.565337001375516
48,alexwilson3@yahoo.com,A001440,대한전선,12.0,0.0,12.0,13800.0,19180,5380.0,38.98550724637681
49,alexwilson3@yahoo.com,A000370,한화손해보험,13.0,0.0,13.0,5000.0,5030,30.0,0.6
50,samanthapark@naver.com,A136480,하림,43.0,0.0,43.0,3630.0,3395,-235.0,-6.473829201101928
51,samanthapark@naver.com,A058820,CMG제약,96.0,0.0,96.0,2270.0,2085,-185.0,-8.149779735682818
52,samanthapark@naver.com,A002240,고려제강,143.0,0.0,143.0,20650.0,22250,1600.0,7.74818401937046
54,samanthapark@naver.com,A168360,펨트론,63.0,0.0,63.0,8340.0,7170,-1170.0,-14.028776978417264
56,samanthapark@naver.com,A108860,셀바스AI,7.0,0.0,7.0,16310.0,16680,370.0,2.2685469037400368
57,samanthapark@naver.com,A239890,피엔에이치테크,96.0,0.0,96.0,15530.0,18540,3010.0,19.381841596909208
58,samanthapark@naver.com,A000400,롯데손해보험,38.0,0.0,38.0,3535.0,3340,-195.0,-5.516265912305516
59,samanthapark@naver.com,A033640,네패스,71.0,0.0,71.0,17560.0,17110,-450.0,-2.562642369020501
60,samanthapark@naver.com,A158430,아톤,92.0,0.0,92.0,4065.0,4315,250.0,6.150061500615006
61,samanthapark@naver.com,A241770,메카로,36.0,0.0,36.0,10200.0,9900,-300.0,-2.941176470588235
62,samanthapark@naver.com,A321260,프로이천,31.0,0.0,31.0,2645.0,2580,-65.0,-2.4574669187145557
63,samanthapark@naver.com,A108230,톱텍,6.0,0.0,6.0,7870.0,7980,110.0,1.3977128335451081
64,samanthapark@naver.com,A036540,SFA반도체,33.0,0.0,33.0,5630.0,5590,-40.0,-0.7104795737122558
65,samanthapark@naver.com,A031820,콤텍시스템,57.0,0.0,57.0,684.0,677,-7.0,-1.023391812865497
66,samanthapark@naver.com,A237750,피앤씨테크,89.0,0.0,89.0,6260.0,6060,-200.0,-3.1948881789137378
67,samanthapark@naver.com,A000540,흥국화재,4.0,0.0,4.0,4325.0,3925,-400.0,-9.248554913294797
68,davidevans@naver.com,A000490,대동,13.0,0.0,13.0,15340.0,11200,-4140.0,-26.988265971316817
69,davidevans@naver.com,A078020,이베스트투자증권,15.0,0.0,15.0,4905.0,5270,365.0,7.44138634046891
70,davidevans@naver.com,A357780,솔브레인,86.0,0.0,86.0,298000.0,304000,6000.0,2.013422818791946
72,davidevans@naver.com,A091440,한울소재과학,21.0,0.0,21.0,10360.0,10860,500.0,4.826254826254826
74,davidevans@naver.com,A031980,피에스케이홀딩스,97.0,96.0,1.0,48650.0,51000,2350.0,4.830421377183967
77,davidevans@naver.com,A015860,일진홀딩스,68.0,0.0,68.0,4260.0,4495,235.0,5.516431924882629
78,davidevans@naver.com,A059120,아진엑스텍,110.0,0.0,110.0,11670.0,10210,-1460.0,-12.510711225364183
79,davidevans@naver.com,A096690,에이루트,141.0,87.0,54.0,392.0,2000,1608.0,410.2040816326531
80,davidevans@naver.com,A017040,광명전기,140.0,97.0,43.0,2665.0,2380,-285.0,-10.694183864915573
81,davidevans@naver.com,A092220,KEC,37.0,16.0,21.0,1363.0,1462,99.0,7.263389581804843
82,davidevans@naver.com,A035510,신세계 I&C,75.0,0.0,75.0,11140.0,10910,-230.0,-2.064631956912029
83,davidevans@naver.com,A018260,삼성에스디에스,138.0,0.0,138.0,158200.0,168000,9800.0,6.1946902654867255
84,davidevans@naver.com,A000240,한국앤컴퍼니,66.0,0.0,66.0,15500.0,15090,-410.0,-2.6451612903225805
85,davidevans@naver.com,A005290,동진쎄미켐,60.0,0.0,60.0,43950.0,41800,-2150.0,-4.891922639362913
86,davidevans@naver.com,A290660,네오펙트,103.0,0.0,103.0,1178.0,1131,-47.0,-3.9898132427843804
87,davidevans@naver.com,A127120,디엔에이링크,6.0,0.0,6.0,2525.0,2705,180.0,7.128712871287128
88,davidevans@naver.com,A065500,오리엔트정공,52.0,0.0,52.0,1399.0,1545,146.0,10.43602573266619
89,markmoore@yahoo.com,A051360,테스트용,71.0,0.0,71.0,17380.0,19160,1780.0,10.241657077100115
90,markmoore@yahoo.com,A297890,HB솔루션,55.0,0.0,55.0,5200.0,6680,1480.0,28.46153846153846
93,markmoore@yahoo.com,A347700,라이프시맨틱스,119.0,27.0,92.0,1879.0,1842,-37.0,-1.9691325172964342
94,markmoore@yahoo.com,A122640,예스티,152.0,6.0,146.0,21100.0,19150,-1950.0,-9.24170616113744
95,markmoore@yahoo.com,A140670,알에스오토메이션,24.0,2.0,22.0,21950.0,17440,-4510.0,-20.546697038724375
96,markmoore@yahoo.com,A217190,제너셈,82.0,0.0,82.0,12700.0,12730,30.0,0.23622047244094488
97,markmoore@yahoo.com,A059090,미코,36.0,0.0,36.0,10560.0,16380,5820.0,55.11363636363637
98,markmoore@yahoo.com,A347770,핌스,83.0,0.0,83.0,3910.0,2995,-915.0,-23.40153452685422
99,markmoore@yahoo.com,A042370,비츠로테크,4.0,0.0,4.0,8260.0,10410,2150.0,26.02905569007264
100,markmoore@yahoo.com,A042660,한화오션,92.0,78.0,14.0,32250.0,31700,-550.0,-1.7054263565891472
101,markmoore@yahoo.com,A011700,한신기계,24.0,0.0,24.0,4460.0,4945,485.0,10.874439461883407
102,markmoore@yahoo.com,A147760,피엠티,189.0,4.0,185.0,5950.0,5930,-20.0,-0.33613445378151263
103,markmoore@yahoo.com,A006340,대원전선,52.0,0.0,52.0,2850.0,4440,1590.0,55.78947368421052
104,markmoore@yahoo.com,A317120,라닉스,98.0,0.0,98.0,4680.0,4480,-200.0,-4.273504273504273
105,markmoore@yahoo.com,A115610,이미지스,26.0,0.0,26.0,3085.0,3100,15.0,0.48622366288492713
106,markmoore@yahoo.com,A039010,현대에이치티,78.0,0.0,78.0,6620.0,6820,200.0,3.0211480362537766
107,markmoore@yahoo.com,A210980,SK디앤디,97.0,83.0,14.0,11930.0,12250,320.0,2.682313495389774
108,markmoore@yahoo.com,A032820,우리기술,123.0,0.0,123.0,1426.0,2315,889.0,62.342215988779806
109,markmoore@yahoo.com,A038680,에스넷,23.0,0.0,23.0,6040.0,5200,-840.0,-13.90728476821192
110,allisonnelson@gmail.com,A112610,씨에스윈드,22.0,0.0,22.0,52100.0,50400,-1700.0,-3.262955854126679
111,allisonnelson@gmail.com,A131760,파인텍,27.0,0.0,27.0,764.0,872,108.0,14.136125654450263
112,allisonnelson@gmail.com,A052710,아모텍,242.0,0.0,242.0,7270.0,7670,400.0,5.502063273727647
113,allisonnelson@gmail.com,A329180,HD현대중공업,51.0,0.0,51.0,139700.0,134000,-5700.0,-4.08017179670723
114,allisonnelson@gmail.com,A010140,삼성중공업,95.0,94.0,1.0,9720.0,9650,-70.0,-0.720164609053498
115,allisonnelson@gmail.com,A340930,유일에너테크,89.0,0.0,89.0,4755.0,3260,-1495.0,-31.440588853838065
118,allisonnelson@gmail.com,A076610,해성옵틱스,94.0,77.0,17.0,1343.0,1436,93.0,6.924795234549516
119,allisonnelson@gmail.com,A042500,링네트,77.0,0.0,77.0,7030.0,6140,-890.0,-12.660028449502134
120,allisonnelson@gmail.com,A089890,코세스,113.0,0.0,113.0,15220.0,14660,-560.0,-3.679369250985545
122,allisonnelson@gmail.com,A222800,심텍,168.0,0.0,168.0,30100.0,32700,2600.0,8.637873754152823
124,allisonnelson@gmail.com,A451760,컨텍,81.0,80.0,1.0,18090.0,18460,370.0,2.045328911000553
125,allisonnelson@gmail.com,A077360,덕산하이메탈,60.0,0.0,60.0,7150.0,7810,660.0,9.230769230769232
126,allisonnelson@gmail.com,A098460,고영,111.0,0.0,111.0,16870.0,14660,-2210.0,-13.100177830468288
129,allisonnelson@gmail.com,A439580,블루엠텍,88.0,87.0,1.0,12890.0,12640,-250.0,-1.9394879751745537
130,allisonnelson@gmail.com,A083470,이엠앤아이,58.0,0.0,58.0,1806.0,1904,98.0,5.426356589147287
131,allisonnelson@gmail.com,A025770,한국정보통신,49.0,0.0,49.0,8800.0,8550,-250.0,-2.840909090909091
132,allisonnelson@gmail.com,A088130,동아엘텍,65.0,0.0,65.0,10700.0,9290,-1410.0,-13.177570093457943
133,allisonnelson@gmail.com,A950170,JTC,99.0,98.0,1.0,5670.0,5430,-240.0,-4.232804232804233
134,allisonnelson@gmail.com,A170920,엘티씨,92.0,0.0,92.0,15790.0,15650,-140.0,-0.8866371120962635
135,allisonnelson@gmail.com,A053280,예스24,87.0,0.0,87.0,4600.0,4740,140.0,3.0434782608695654
136,allisonnelson@gmail.com,A040910,아이씨디,17.0,0.0,17.0,8730.0,9230,500.0,5.72737686139748
137,samanthawright@yahoo.com,A112610,씨에스윈드,24.0,0.0,24.0,52000.0,50400,-1600.0,-3.076923076923077
138,samanthawright@yahoo.com,A313760,윌링스,128.0,0.0,128.0,7480.0,6760,-720.0,-9.62566844919786
139,samanthawright@yahoo.com,A051360,토비스,62.0,61.0,1.0,18200.0,19160,960.0,5.274725274725275
141,samanthawright@yahoo.com,A104620,노랑풍선,92.0,0.0,92.0,7230.0,7790,560.0,7.745504840940526
142,samanthawright@yahoo.com,A000990,DB하이텍,129.0,0.0,129.0,41100.0,42700,1600.0,3.8929440389294405
143,samanthawright@yahoo.com,A085660,차바이오텍,108.0,43.0,65.0,16890.0,17060,170.0,1.0065127294256957
144,samanthawright@yahoo.com,A119830,아이텍,72.0,59.0,13.0,7530.0,7520,-10.0,-0.13280212483399734
145,samanthawright@yahoo.com,A009540,HD한국조선해양,91.0,29.0,62.0,128100.0,135400,7300.0,5.698672911787666
146,samanthawright@yahoo.com,A159010,아스플로,73.0,0.0,73.0,11290.0,9590,-1700.0,-15.057573073516387
147,samanthawright@yahoo.com,A297890,HB솔루션,264.0,0.0,264.0,5980.0,6680,700.0,11.705685618729097
148,samanthawright@yahoo.com,A189300,인텔리안테크,81.0,9.0,72.0,64000.0,68100,4100.0,6.406249999999999
149,samanthawright@yahoo.com,A348210,넥스틴,130.0,0.0,130.0,64800.0,70300,5500.0,8.487654320987655
150,samanthawright@yahoo.com,A054180,메디콕스,176.0,0.0,176.0,665.0,590,-75.0,-11.278195488721805
151,samanthawright@yahoo.com,A039610,화성밸브,141.0,0.0,141.0,5090.0,5260,170.0,3.3398821218074657
152,samanthawright@yahoo.com,A053080,케이엔솔,76.0,0.0,76.0,17930.0,18050,120.0,0.6692693809258227
153,samanthawright@yahoo.com,A137940,넥스트아이,18.0,0.0,18.0,385.0,364,-21.0,-5.454545454545454
154,samanthawright@yahoo.com,A172670,에이엘티,32.0,0.0,32.0,21100.0,19700,-1400.0,-6.6350710900473935
155,samanthawright@yahoo.com,A100660,서암기계공업,27.0,0.0,27.0,4450.0,4340,-110.0,-2.4719101123595504
156,brandonallen@gmail.com,A112610,씨에스윈드,89.0,0.0,89.0,51900.0,50400,-1500.0,-2.8901734104046244
157,brandonallen@gmail.com,A180640,한진칼,73.0,0.0,73.0,59600.0,58100,-1500.0,-2.5167785234899327
158,brandonallen@gmail.com,A271830,팸텍,63.0,40.0,23.0,3380.0,3070,-310.0,-9.171597633136095
159,brandonallen@gmail.com,A241790,티이엠씨씨엔에스,57.0,0.0,57.0,12450.0,10800,-1650.0,-13.253012048192772
160,brandonallen@gmail.com,A045100,한양이엔지,68.0,0.0,68.0,21050.0,18990,-2060.0,-9.78622327790974
161,brandonallen@gmail.com,A007660,이수페타시스,104.0,0.0,104.0,38100.0,50300,12200.0,32.020997375328086
162,brandonallen@gmail.com,A375500,DL이앤씨,7.0,0.0,7.0,35100.0,33700,-1400.0,-3.9886039886039883
163,brandonallen@gmail.com,A000270,기아,90.0,0.0,90.0,120800.0,120000,-800.0,-0.6622516556291391
164,brandonallen@gmail.com,A010820,퍼스텍,55.0,0.0,55.0,3315.0,3350,35.0,1.0558069381598794
165,brandonallen@gmail.com,A052330,코텍,64.0,0.0,64.0,7400.0,7890,490.0,6.621621621621622
166,brandonallen@gmail.com,A003240,태광산업,246.0,0.0,246.0,654000.0,656000,2000.0,0.3058103975535168
167,brandonallen@gmail.com,A032350,롯데관광개발,110.0,65.0,45.0,9690.0,9950,260.0,2.683178534571723
168,brandonallen@gmail.com,A030530,원익홀딩스,94.0,0.0,94.0,3520.0,3680,160.0,4.545454545454546
169,brandonallen@gmail.com,A147830,제룡산업,134.0,133.0,1.0,4965.0,6400,1435.0,28.902316213494462
170,brandonallen@gmail.com,A348350,위드텍,150.0,0.0,150.0,8780.0,9670,890.0,10.136674259681094
171,brandonallen@gmail.com,A125210,아모그린텍,61.0,21.0,40.0,9990.0,10190,200.0,2.002002002002002
172,brandonallen@gmail.com,A044340,위닉스,55.0,1.0,54.0,8980.0,9030,50.0,0.5567928730512249
174,brandonallen@gmail.com,A035760,CJ ENM,97.0,73.0,24.0,78600.0,89000,10400.0,13.231552162849871
175,brandonallen@gmail.com,A322000,HD현대에너지솔루,69.0,0.0,69.0,23100.0,35000,11900.0,51.515151515151516
176,brandonallen@gmail.com,A017670,SK텔레콤,97.0,0.0,97.0,51300.0,51800,500.0,0.9746588693957114
177,brandonallen@gmail.com,A000720,현대건설,91.0,49.0,42.0,34650.0,33500,-1150.0,-3.318903318903319
178,brandonallen@gmail.com,A097230,HJ중공업,63.0,43.0,20.0,3145.0,3360,215.0,6.836248012718602
179,brandonallen@gmail.com,A272290,이녹스첨단소재,68.0,0.0,68.0,30050.0,32250,2200.0,7.321131447587355
180,brandonallen@gmail.com,A114810,한솔아이원스,100.0,0.0,100.0,12790.0,13740,950.0,7.427677873338546
181,brandonallen@gmail.com,A078600,대주전자재료,82.0,0.0,82.0,92700.0,99000,6300.0,6.796116504854369
182,brandonallen@gmail.com,A007070,GS리테일,47.0,0.0,47.0,19650.0,19990,340.0,1.7302798982188294
183,brandonallen@gmail.com,A012800,대창,97.0,0.0,97.0,1516.0,1880,364.0,24.010554089709764
184,brandonallen@gmail.com,A063760,이엘피,51.0,0.0,51.0,2930.0,2980,50.0,1.7064846416382253
185,brandonallen@gmail.com,A373220,LG에너지솔루션,43.0,0.0,43.0,373000.0,356000,-17000.0,-4.557640750670242
186,melissadavis@naver.com,A105740,디케이락,148.0,0.0,148.0,8360.0,9030,670.0,8.014354066985646
187,melissadavis@naver.com,A000880,한화,144.0,0.0,144.0,26800.0,25550,-1250.0,-4.664179104477612
188,melissadavis@naver.com,A053300,한국정보인증,88.0,0.0,88.0,4750.0,4730,-20.0,-0.42105263157894735
189,melissadavis@naver.com,A031330,에스에이엠티,55.0,0.0,55.0,3635.0,3370,-265.0,-7.290233837689134
190,melissadavis@naver.com,A416180,신성에스티,7.0,0.0,7.0,31600.0,26100,-5500.0,-17.405063291139243
191,melissadavis@naver.com,A092600,앤씨앤,68.0,0.0,68.0,1708.0,1514,-194.0,-11.358313817330211
192,melissadavis@naver.com,A095340,ISC,84.0,32.0,52.0,80400.0,76900,-3500.0,-4.353233830845771
193,melissadavis@naver.com,A115440,우리넷,203.0,0.0,203.0,6900.0,7090,190.0,2.753623188405797
194,melissadavis@naver.com,A317330,덕산테코피아,220.0,0.0,220.0,39100.0,34700,-4400.0,-11.253196930946292
195,melissadavis@naver.com,A429270,시지트로닉스,63.0,0.0,63.0,10330.0,16520,6190.0,59.92255566311714
197,melissadavis@naver.com,A067310,하나마이크론,148.0,0.0,148.0,28000.0,22650,-5350.0,-19.107142857142854
198,melissadavis@naver.com,A402490,그린리소스,45.0,0.0,45.0,28600.0,27000,-1600.0,-5.594405594405594
199,melissadavis@naver.com,A091700,파트론,73.0,37.0,36.0,7890.0,7960,70.0,0.8871989860583016
200,melissadavis@naver.com,A044490,태웅,4.0,0.0,4.0,22200.0,20000,-2200.0,-9.90990990990991
201,melissadavis@naver.com,A161390,한국타이어앤테크,167.0,0.0,167.0,56500.0,44550,-11950.0,-21.150442477876105
202,melissadavis@naver.com,A445180,퓨릿,114.0,0.0,114.0,12310.0,10720,-1590.0,-12.916328188464663
203,melissadavis@naver.com,A016450,한세예스24홀딩스,176.0,0.0,176.0,4735.0,4740,5.0,0.10559662090813093
204,melissadavis@naver.com,A093520,매커스,95.0,0.0,95.0,12050.0,11630,-420.0,-3.4854771784232366
205,melissadavis@naver.com,A012450,한화에어로스페이,52.0,8.0,44.0,233500.0,204000,-29500.0,-12.633832976445397
206,melissadavis@naver.com,A048550,SM C&C,74.0,0.0,74.0,1663.0,2210,547.0,32.89236319903788
208,melissadavis@naver.com,A097520,엠씨넥스,143.0,0.0,143.0,23550.0,23550,0.0,0.0
209,melissadavis@naver.com,A001720,신영증권,71.0,0.0,71.0,68200.0,66600,-1600.0,-2.346041055718475
210,melissadavis@naver.com,A060370,LS마린솔루션,75.0,0.0,75.0,11340.0,15850,4510.0,39.77072310405644
211,melissadavis@naver.com,A002230,피에스텍,80.0,0.0,80.0,3825.0,4055,230.0,6.0130718954248366
212,melissadavis@naver.com,A140070,서플러스글로벌,1.0,0.0,1.0,3600.0,3375,-225.0,-6.25
213,melissadavis@naver.com,A137400,피엔티,66.0,0.0,66.0,39050.0,46150,7100.0,18.181818181818183
214,melissadavis@naver.com,A071280,로체시스템즈,67.0,0.0,67.0,11080.0,12050,970.0,8.754512635379061
215,johnphillips32@gmail.com,A010620,HD현대미포,175.0,0.0,175.0,73300.0,72900,-400.0,-0.5457025920873124
216,johnphillips32@gmail.com,A063570,한국전자금융,80.0,79.0,1.0,5960.0,5370,-590.0,-9.899328859060402
217,johnphillips32@gmail.com,A340810,씨유박스,193.0,0.0,193.0,5610.0,5450,-160.0,-2.8520499108734403
218,johnphillips32@gmail.com,A080160,모두투어,55.0,0.0,55.0,16600.0,15720,-880.0,-5.301204819277109
219,johnphillips32@gmail.com,A204620,글로벌텍스프리,30.0,0.0,30.0,4890.0,4400,-490.0,-10.020449897750511
220,johnphillips32@gmail.com,A042510,라온시큐어,75.0,0.0,75.0,2325.0,2410,85.0,3.655913978494624
221,johnphillips32@gmail.com,A336370,솔루스첨단소재,88.0,0.0,88.0,18310.0,16150,-2160.0,-11.796832332058985
222,johnphillips32@gmail.com,A028100,동아지질,89.0,86.0,3.0,12610.0,13200,590.0,4.678826328310865
223,johnphillips32@gmail.com,A290520,신도기연,205.0,15.0,190.0,3220.0,3255,35.0,1.0869565217391304
224,johnphillips32@gmail.com,A058610,에스피지,109.0,0.0,109.0,27750.0,26650,-1100.0,-3.963963963963964
226,johnphillips32@gmail.com,A006800,미래에셋증권,91.0,0.0,91.0,7550.0,7450,-100.0,-1.3245033112582782
227,johnphillips32@gmail.com,A267260,HD현대일렉트릭,46.0,7.0,39.0,248500.0,283000,34500.0,13.883299798792756
228,johnphillips32@gmail.com,A141000,비아트론,99.0,0.0,99.0,8780.0,8640,-140.0,-1.5945330296127564
229,johnphillips32@gmail.com,A009310,참엔지니어링,41.0,0.0,41.0,440.0,386,-54.0,-12.272727272727273
230,johnphillips32@gmail.com,A056190,에스에프에이,21.0,0.0,21.0,25600.0,28150,2550.0,9.9609375
231,johnphillips32@gmail.com,A046940,우원개발,13.0,0.0,13.0,2830.0,2930,100.0,3.53356890459364
232,johnphillips32@gmail.com,A405100,큐알티,40.0,0.0,40.0,24400.0,20900,-3500.0,-14.344262295081966
233,johnphillips32@gmail.com,A005250,녹십자홀딩스,171.0,34.0,137.0,15260.0,14620,-640.0,-4.193971166448231
234,johnphillips32@gmail.com,A234340,헥토파이낸셜,87.0,0.0,87.0,18150.0,16370,-1780.0,-9.80716253443526
235,johnphillips32@gmail.com,A054450,텔레칩스,134.0,0.0,134.0,25300.0,21900,-3400.0,-13.438735177865613
236,johnphillips32@gmail.com,A189860,서전기전,142.0,134.0,8.0,4910.0,5550,640.0,13.034623217922606
237,johnphillips32@gmail.com,A001780,알루코,70.0,0.0,70.0,3235.0,3215,-20.0,-0.6182380216383307
238,johnphillips32@gmail.com,A030520,한글과컴퓨터,36.0,0.0,36.0,24400.0,29000,4600.0,18.852459016393443
239,johnphillips32@gmail.com,A024110,기업은행,20.0,0.0,20.0,13860.0,13710,-150.0,-1.0822510822510822
240,johnphillips32@gmail.com,A000810,삼성화재,86.0,0.0,86.0,315000.0,335000,20000.0,6.349206349206349
241,johnphillips32@gmail.com,A250060,모비스,20.0,0.0,20.0,3385.0,3590,205.0,6.056129985228951
242,johnphillips32@gmail.com,A294630,서남,16.0,0.0,16.0,5240.0,5100,-140.0,-2.6717557251908395
243,johnphillips32@gmail.com,A229640,LS에코에너지,58.0,0.0,58.0,20900.0,42500,21600.0,103.34928229665073
245,briancampbell@gmail.com,A272110,케이엔제이,186.0,18.0,168.0,20000.0,19500,-500.0,-2.5
246,briancampbell@gmail.com,A003460,유화증권,143.0,72.0,71.0,2255.0,2225,-30.0,-1.3303769401330376
247,briancampbell@gmail.com,A232680,라온테크,121.0,0.0,121.0,8780.0,7950,-830.0,-9.453302961275627
248,briancampbell@gmail.com,A388050,지투파워,71.0,0.0,71.0,9120.0,10890,1770.0,19.407894736842106
249,briancampbell@gmail.com,A028080,휴맥스홀딩스,303.0,0.0,303.0,3990.0,3550,-440.0,-11.027568922305765
250,briancampbell@gmail.com,A033100,제룡전기,260.0,0.0,260.0,62500.0,72000,9500.0,15.2
251,briancampbell@gmail.com,A102370,케이옥션,296.0,0.0,296.0,4225.0,4000,-225.0,-5.325443786982249
252,briancampbell@gmail.com,A376930,노을,35.0,0.0,35.0,2085.0,2810,725.0,34.77218225419664
253,briancampbell@gmail.com,A368770,파이버프로,168.0,2.0,166.0,3395.0,4250,855.0,25.184094256259204
254,briancampbell@gmail.com,A053350,이니텍,23.0,0.0,23.0,3550.0,3525,-25.0,-0.7042253521126761
255,briancampbell@gmail.com,A110990,디아이티,112.0,52.0,60.0,30450.0,24250,-6200.0,-20.361247947454846
256,briancampbell@gmail.com,A073010,케이에스피,66.0,0.0,66.0,4000.0,4415,415.0,10.375
258,briancampbell@gmail.com,A032560,황금에스티,73.0,0.0,73.0,6760.0,6800,40.0,0.591715976331361
259,briancampbell@gmail.com,A432720,퀄리타스반도체,51.0,50.0,1.0,31350.0,21050,-10300.0,-32.854864433811805
260,briancampbell@gmail.com,A205100,엑셈,202.0,78.0,124.0,2685.0,2375,-310.0,-11.54562383612663
261,briancampbell@gmail.com,A264660,씨앤지하이테크,42.0,0.0,42.0,17620.0,14710,-2910.0,-16.515323496027243
262,briancampbell@gmail.com,A384470,코어라인소프트,41.0,0.0,41.0,12890.0,11950,-940.0,-7.292474786656323
264,briancampbell@gmail.com,A084370,유진테크,45.0,0.0,45.0,53700.0,50100,-3600.0,-6.70391061452514
265,briancampbell@gmail.com,A054220,비츠로시스,80.0,0.0,80.0,472.0,489,17.0,3.6016949152542375
266,briancampbell@gmail.com,A232140,와이씨,31.0,0.0,31.0,14360.0,15190,830.0,5.779944289693593
267,briancampbell@gmail.com,A099320,쎄트렉아이,45.0,0.0,45.0,49050.0,53200,4150.0,8.460754332313964
268,olivialopez@yahoo.com,A322310,오로스테크놀로지,83.0,12.0,71.0,27800.0,24550,-3250.0,-11.690647482014388
269,olivialopez@yahoo.com,A425420,티에프이,153.0,0.0,153.0,38800.0,31800,-7000.0,-18.04123711340206
270,olivialopez@yahoo.com,A054940,엑사이엔씨,137.0,82.0,55.0,806.0,855,49.0,6.079404466501241
271,olivialopez@yahoo.com,A126340,비나텍,122.0,83.0,39.0,46200.0,57500,11300.0,24.458874458874458
272,olivialopez@yahoo.com,A094970,제이엠티,60.0,0.0,60.0,5230.0,5800,570.0,10.89866156787763
273,olivialopez@yahoo.com,A274090,켄코아에어로스페,78.0,0.0,78.0,11110.0,12120,1010.0,9.090909090909092
274,olivialopez@yahoo.com,A016360,삼성증권,86.0,85.0,1.0,38350.0,37500,-850.0,-2.216427640156454
275,olivialopez@yahoo.com,A004490,세방전지,26.0,4.0,22.0,98800.0,102100,3300.0,3.340080971659919
277,olivialopez@yahoo.com,A213420,덕산네오룩스,112.0,0.0,112.0,37550.0,41100,3550.0,9.454061251664447
279,olivialopez@yahoo.com,A029480,광무,94.0,75.0,19.0,3020.0,4310,1290.0,42.71523178807947
281,olivialopez@yahoo.com,A038880,아이에이,84.0,0.0,84.0,378.0,351,-27.0,-7.142857142857142
282,olivialopez@yahoo.com,A001740,SK네트웍스,66.0,0.0,66.0,5030.0,4925,-105.0,-2.0874751491053676
283,olivialopez@yahoo.com,A298050,효성첨단소재,78.0,0.0,78.0,337000.0,377500,40500.0,12.01780415430267
285,olivialopez@yahoo.com,A001750,한양증권,85.0,0.0,85.0,10450.0,11250,800.0,7.655502392344498
286,rachelmartinez@yahoo.com,A003690,코리안리,137.0,0.0,137.0,8210.0,8020,-190.0,-2.3142509135200973
287,rachelmartinez@yahoo.com,A229000,젠큐릭스,77.0,25.0,52.0,3030.0,3240,210.0,6.9306930693069315
288,rachelmartinez@yahoo.com,A317400,자이에스앤디,11.0,10.0,1.0,4150.0,4270,120.0,2.891566265060241
289,rachelmartinez@yahoo.com,A203450,유니온커뮤니티,7.0,0.0,7.0,3245.0,3010,-235.0,-7.24191063174114
290,rachelmartinez@yahoo.com,A049180,셀루메드,63.0,0.0,63.0,1671.0,1628,-43.0,-2.5733093955715143
291,rachelmartinez@yahoo.com,A001200,유진투자증권,73.0,0.0,73.0,4360.0,4240,-120.0,-2.7522935779816518
292,rachelmartinez@yahoo.com,A396270,넥스트칩,234.0,96.0,138.0,10860.0,12740,1880.0,17.311233885819522
293,rachelmartinez@yahoo.com,A002350,넥센타이어,62.0,0.0,62.0,9000.0,8120,-880.0,-9.777777777777779
294,rachelmartinez@yahoo.com,A192650,드림텍,131.0,0.0,131.0,9140.0,9380,240.0,2.62582056892779
295,rachelmartinez@yahoo.com,A060230,소니드,166.0,0.0,166.0,2320.0,1885,-435.0,-18.75
296,rachelmartinez@yahoo.com,A093370,후성,35.0,0.0,35.0,7410.0,7000,-410.0,-5.53306342780027
297,rachelmartinez@yahoo.com,A054540,삼영엠텍,217.0,0.0,217.0,4240.0,4340,100.0,2.358490566037736
298,rachelmartinez@yahoo.com,A026150,특수건설,143.0,0.0,143.0,7090.0,7510,420.0,5.923836389280677
300,rachelmartinez@yahoo.com,A200470,에이팩트,239.0,0.0,239.0,5930.0,5850,-80.0,-1.3490725126475547
302,rachelmartinez@yahoo.com,A136510,스마트솔루션즈,71.0,0.0,71.0,11600.0,11600,0.0,0.0
303,rachelmartinez@yahoo.com,A083650,비에이치아이,73.0,0.0,73.0,8790.0,10610,1820.0,20.705346985210465
304,rachelmartinez@yahoo.com,A012750,에스원,96.0,0.0,96.0,62400.0,61900,-500.0,-0.8012820512820512
305,rachelmartinez@yahoo.com,A005940,NH투자증권,127.0,0.0,127.0,12340.0,12250,-90.0,-0.7293354943273906
306,rachelmartinez@yahoo.com,A041830,인바디,145.0,0.0,145.0,29250.0,26800,-2450.0,-8.376068376068375
307,rachelmartinez@yahoo.com,A211270,AP위성,53.0,0.0,53.0,17840.0,18240,400.0,2.242152466367713
308,rachelmartinez@yahoo.com,A034020,두산에너빌리티,118.0,0.0,118.0,16120.0,18260,2140.0,13.275434243176178
309,rachelmartinez@yahoo.com,A114090,GKL,100.0,0.0,100.0,13870.0,13510,-360.0,-2.595529920692141
310,rachelmartinez@yahoo.com,A223250,드림씨아이에스,54.0,0.0,54.0,2960.0,3350,390.0,13.175675675675674
312,bobbyking@gmail.com,A101170,우림피티에스,256.0,0.0,256.0,5730.0,5650,-80.0,-1.3961605584642234
313,bobbyking@gmail.com,A003530,한화투자증권,289.0,0.0,289.0,3360.0,3380,20.0,0.5952380952380952
314,bobbyking@gmail.com,A025550,한국선재,90.0,33.0,57.0,3545.0,3605,60.0,1.692524682651622
315,bobbyking@gmail.com,A286940,롯데이노베이트,94.0,7.0,87.0,31300.0,30100,-1200.0,-3.8338658146964857
316,bobbyking@gmail.com,A008770,호텔신라,202.0,0.0,202.0,57400.0,56700,-700.0,-1.2195121951219512
317,bobbyking@gmail.com,A039030,이오테크닉스,75.0,8.0,67.0,239000.0,209500,-29500.0,-12.343096234309623
318,bobbyking@gmail.com,A054090,삼진엘앤디,21.0,0.0,21.0,1242.0,1341,99.0,7.971014492753622
319,bobbyking@gmail.com,A288980,모아데이타,131.0,0.0,131.0,2755.0,2410,-345.0,-12.522686025408348
321,bobbyking@gmail.com,A043220,티에스넥스젠,257.0,69.0,188.0,777.0,799,22.0,2.8314028314028317
322,bobbyking@gmail.com,A265520,AP시스템,60.0,11.0,49.0,34000.0,27800,-6200.0,-18.235294117647058
323,bobbyking@gmail.com,A083500,에프엔에스테크,170.0,72.0,98.0,11110.0,11840,730.0,6.5706570657065715
324,bobbyking@gmail.com,A099440,스맥,200.0,0.0,200.0,3515.0,3870,355.0,10.099573257467995
325,bobbyking@gmail.com,A440110,파두,68.0,0.0,68.0,20450.0,17970,-2480.0,-12.12713936430318
326,bobbyking@gmail.com,A081150,티플랙스,100.0,0.0,100.0,2835.0,2965,130.0,4.5855379188712515
328,bobbyking@gmail.com,A096770,SK이노베이션,93.0,0.0,93.0,106300.0,101700,-4600.0,-4.327375352775165
329,bobbyking@gmail.com,A178920,PI첨단소재,70.0,0.0,70.0,19890.0,25350,5460.0,27.450980392156865
330,bobbyking@gmail.com,A035720,카카오,128.0,85.0,43.0,47350.0,44450,-2900.0,-6.124604012671594
331,bobbyking@gmail.com,A001290,상상인증권,7.0,0.0,7.0,680.0,654,-26.0,-3.823529411764706
332,bobbyking@gmail.com,A086670,비엠티,37.0,0.0,37.0,13450.0,13020,-430.0,-3.197026022304833
333,bobbyking@gmail.com,A064350,현대로템,98.0,0.0,98.0,38450.0,38650,200.0,0.5201560468140443
334,bobbyking@gmail.com,A095610,테스,51.0,36.0,15.0,26150.0,22950,-3200.0,-12.237093690248566
335,bobbyking@gmail.com,A227950,엔투텍,61.0,0.0,61.0,636.0,630,-6.0,-0.9433962264150944
336,jamescollins@naver.com,A002690,동일제강,72.0,35.0,37.0,1817.0,1807,-10.0,-0.5503577325261421
339,jamescollins@naver.com,A036930,주성엔지니어링,70.0,63.0,7.0,35000.0,33650,-1350.0,-3.8571428571428568
340,jamescollins@naver.com,A039980,폴라리스AI,100.0,0.0,100.0,2110.0,3490,1380.0,65.40284360189574
341,jamescollins@naver.com,A282720,금양그린파워,93.0,0.0,93.0,15450.0,16870,1420.0,9.190938511326861
343,jamescollins@naver.com,A900250,크리스탈신소재,179.0,0.0,179.0,1219.0,1206,-13.0,-1.0664479081214109
344,jamescollins@naver.com,A419540,비스토스,35.0,0.0,35.0,2060.0,2210,150.0,7.281553398058252
345,jamescollins@naver.com,A022100,포스코DX,145.0,64.0,81.0,40350.0,37300,-3050.0,-7.558859975216853
346,jamescollins@naver.com,A121600,나노신소재,173.0,60.0,113.0,114300.0,101800,-12500.0,-10.936132983377078
347,jamescollins@naver.com,A086790,하나금융지주,51.0,30.0,21.0,61100.0,61100,0.0,0.0
348,jamescollins@naver.com,A143540,영우디에스피,13.0,0.0,13.0,894.0,927,33.0,3.691275167785235
349,jamescollins@naver.com,A006360,GS건설,25.0,21.0,4.0,15140.0,15160,20.0,0.13210039630118892
350,jamescollins@naver.com,A131290,티에스이,95.0,0.0,95.0,76900.0,62400,-14500.0,-18.855656697009103
351,jamescollins@naver.com,A049080,기가레인,75.0,0.0,75.0,779.0,848,69.0,8.857509627727858
353,jamescollins@naver.com,A037560,LG헬로비전,96.0,0.0,96.0,3320.0,3130,-190.0,-5.72289156626506
354,jamescollins@naver.com,A039290,인포뱅크,76.0,0.0,76.0,9130.0,9180,50.0,0.547645125958379
355,jamescollins@naver.com,A009150,삼성전기,73.0,0.0,73.0,145600.0,156500,10900.0,7.486263736263736
356,jamescollins@naver.com,A178320,서진시스템,5.0,0.0,5.0,24050.0,31300,7250.0,30.14553014553015
357,jamescollins@naver.com,A103590,일진전기,97.0,0.0,97.0,22900.0,25100,2200.0,9.606986899563319
358,jamescollins@naver.com,A282690,동아타이어,115.0,0.0,115.0,12060.0,12490,430.0,3.565505804311774
359,jamescollins@naver.com,A052860,아이앤씨,96.0,0.0,96.0,2875.0,2600,-275.0,-9.565217391304348
360,jamescollins@naver.com,A161580,필옵틱스,69.0,0.0,69.0,27100.0,26200,-900.0,-3.3210332103321036
361,jamescollins@naver.com,A006910,보성파워텍,41.0,0.0,41.0,3080.0,4090,1010.0,32.7922077922078
362,kylejackson@yahoo.com,A118990,모트렉스,49.0,0.0,49.0,13280.0,13110,-170.0,-1.2801204819277108
363,kylejackson@yahoo.com,A003540,대신증권,61.0,0.0,61.0,15630.0,15490,-140.0,-0.8957133717210494
364,kylejackson@yahoo.com,A054620,APS,55.0,11.0,44.0,7090.0,6790,-300.0,-4.231311706629055
366,kylejackson@yahoo.com,A032790,엠젠솔루션,42.0,0.0,42.0,2085.0,1872,-213.0,-10.215827338129497
368,kylejackson@yahoo.com,A412350,레이저쎌,174.0,0.0,174.0,8930.0,10760,1830.0,20.492721164613663
370,kylejackson@yahoo.com,A319660,피에스케이,80.0,0.0,80.0,30150.0,30400,250.0,0.8291873963515755
371,kylejackson@yahoo.com,A424980,마이크로투나노,56.0,0.0,56.0,17910.0,15320,-2590.0,-14.461194863204913
372,kylejackson@yahoo.com,A389020,자람테크놀로지,87.0,0.0,87.0,106500.0,80900,-25600.0,-24.037558685446008
374,kylejackson@yahoo.com,A140860,파크시스템스,135.0,0.0,135.0,151500.0,178200,26700.0,17.62376237623762
375,kylejackson@yahoo.com,A035250,강원랜드,136.0,0.0,136.0,15100.0,14960,-140.0,-0.9271523178807948
376,kylejackson@yahoo.com,A315640,딥노이드,108.0,0.0,108.0,7680.0,8030,350.0,4.557291666666666
377,kylejackson@yahoo.com,A073240,금호타이어,10.0,0.0,10.0,6470.0,7190,720.0,11.128284389489954
378,kylejackson@yahoo.com,A036640,HRS,45.0,0.0,45.0,5460.0,5750,290.0,5.311355311355311
379,kylejackson@yahoo.com,A017510,세명전기,173.0,94.0,79.0,4700.0,5220,520.0,11.063829787234042
380,kylejackson@yahoo.com,A452160,제이엔비,105.0,25.0,80.0,15570.0,10950,-4620.0,-29.672447013487474
381,kylejackson@yahoo.com,A146320,비씨엔씨,7.0,0.0,7.0,19300.0,17300,-2000.0,-10.362694300518134
382,kylejackson@yahoo.com,A037350,성도이엔지,40.0,0.0,40.0,3930.0,4315,385.0,9.79643765903308
383,kylejackson@yahoo.com,A011780,금호석유,5.0,0.0,5.0,129400.0,146200,16800.0,12.982998454404946
384,kylejackson@yahoo.com,A080220,제주반도체,93.0,67.0,26.0,22250.0,20700,-1550.0,-6.96629213483146
385,kylejackson@yahoo.com,A039490,키움증권,84.0,0.0,84.0,132300.0,125400,-6900.0,-5.215419501133787
386,kylejackson@yahoo.com,A003470,유안타증권,75.0,0.0,75.0,2725.0,2740,15.0,0.5504587155963303
387,kylejackson@yahoo.com,A187870,디바이스이엔지,99.0,0.0,99.0,16870.0,15790,-1080.0,-6.401896858328393
388,kylejackson@yahoo.com,A052900,KX하이텍,59.0,0.0,59.0,1339.0,1301,-38.0,-2.8379387602688575
389,kylejackson@yahoo.com,A005380,현대차,204.0,0.0,204.0,251500.0,267500,16000.0,6.36182902584493
390,kylejackson@yahoo.com,A257370,피엔티엠에스,80.0,0.0,80.0,9210.0,9210,0.0,0.0
391,kylejackson@yahoo.com,A089030,테크윙,82.0,0.0,82.0,31900.0,38950,7050.0,22.10031347962382
392,kylejackson@yahoo.com,A094850,참좋은여행,57.0,53.0,4.0,7000.0,7210,210.0,3.0
393,danielkim@gmail.com,A051600,한전KPS,27.0,0.0,27.0,34850.0,36400,1550.0,4.447632711621234
394,danielkim@gmail.com,A065130,탑엔지니어링,155.0,0.0,155.0,6610.0,6000,-610.0,-9.228441754916792
395,danielkim@gmail.com,A012610,경인양행,119.0,118.0,1.0,3415.0,3455,40.0,1.171303074670571
397,danielkim@gmail.com,A117730,티로보틱스,98.0,0.0,98.0,17970.0,14780,-3190.0,-17.75180856983862
398,danielkim@gmail.com,A006260,LS,211.0,0.0,211.0,127800.0,171000,43200.0,33.80281690140845
399,danielkim@gmail.com,A096870,엘디티,5.0,0.0,5.0,3115.0,2875,-240.0,-7.704654895666131
400,danielkim@gmail.com,A011690,와이투솔루션,137.0,72.0,65.0,3915.0,3985,70.0,1.7879948914431671
401,danielkim@gmail.com,A248070,솔루엠,219.0,1.0,218.0,26750.0,25250,-1500.0,-5.607476635514018
402,danielkim@gmail.com,A000500,가온전선,44.0,0.0,44.0,45950.0,60000,14050.0,30.576713819368877
403,danielkim@gmail.com,A025560,미래산업,4.0,0.0,4.0,2255.0,2060,-195.0,-8.647450110864744
404,danielkim@gmail.com,A099750,이지케어텍,82.0,26.0,56.0,15760.0,16150,390.0,2.474619289340102
405,danielkim@gmail.com,A322510,제이엘케이,85.0,0.0,85.0,10650.0,12740,2090.0,19.624413145539908
406,danielkim@gmail.com,A354200,엔젠바이오,113.0,0.0,113.0,4285.0,3195,-1090.0,-25.437572928821474
408,danielkim@gmail.com,A040160,누리플렉스,90.0,0.0,90.0,3390.0,3350,-40.0,-1.1799410029498525
409,danielkim@gmail.com,A078350,한양디지텍,72.0,71.0,1.0,26850.0,25100,-1750.0,-6.517690875232775
410,danielkim@gmail.com,A105840,우진,79.0,0.0,79.0,8250.0,9150,900.0,10.909090909090908
411,danielkim@gmail.com,A203650,드림시큐리티,176.0,0.0,176.0,3325.0,3275,-50.0,-1.5037593984962405
412,danielkim@gmail.com,A034730,SK,58.0,0.0,58.0,163900.0,148800,-15100.0,-9.21293471629042
414,danielkim@gmail.com,A079980,휴비스,28.0,0.0,28.0,3600.0,3830,230.0,6.388888888888888
415,danielkim@gmail.com,A101490,에스앤에스텍,65.0,0.0,65.0,42100.0,40400,-1700.0,-4.038004750593824
416,danielkim@gmail.com,A094170,동운아나텍,33.0,0.0,33.0,19540.0,19310,-230.0,-1.1770726714431934
417,emilyward@naver.com,A238490,힘스,156.0,0.0,156.0,5980.0,6060,80.0,1.3377926421404682
418,emilyward@naver.com,A234300,에스트래픽,59.0,0.0,59.0,3960.0,3845,-115.0,-2.904040404040404
419,emilyward@naver.com,A033230,인성정보,155.0,90.0,65.0,2755.0,2615,-140.0,-5.081669691470054
420,emilyward@naver.com,A108380,대양전기공업,17.0,0.0,17.0,14280.0,16050,1770.0,12.394957983193278
421,emilyward@naver.com,A036810,에프에스티,136.0,135.0,1.0,32750.0,31550,-1200.0,-3.6641221374045805
422,emilyward@naver.com,A251630,브이원텍,218.0,29.0,189.0,8340.0,8580,240.0,2.877697841726619
423,emilyward@naver.com,A030200,KT,188.0,57.0,131.0,34500.0,36350,1850.0,5.36231884057971
424,emilyward@naver.com,A030610,교보증권,81.0,2.0,79.0,4990.0,4950,-40.0,-0.8016032064128256
425,emilyward@naver.com,A195870,해성디에스,170.0,0.0,170.0,50400.0,48750,-1650.0,-3.273809523809524
426,emilyward@naver.com,A298020,효성티앤씨,134.0,0.0,134.0,354000.0,400500,46500.0,13.135593220338984
428,emilyward@naver.com,A372800,아이티아이즈,73.0,0.0,73.0,5490.0,5790,300.0,5.46448087431694
429,emilyward@naver.com,A393210,토마토시스템,168.0,0.0,168.0,7930.0,10510,2580.0,32.53467843631778
430,emilyward@naver.com,A101160,월덱스,29.0,0.0,29.0,24150.0,22600,-1550.0,-6.418219461697723
431,emilyward@naver.com,A049950,미래컴퍼니,103.0,0.0,103.0,29750.0,27100,-2650.0,-8.907563025210084
432,emilyward@naver.com,A371950,풍원정밀,164.0,148.0,16.0,8670.0,8940,270.0,3.1141868512110724
433,emilyward@naver.com,A079810,디이엔티,15.0,11.0,4.0,11180.0,10450,-730.0,-6.529516994633274
434,emilyward@naver.com,A011390,부산산업,52.0,42.0,10.0,53000.0,56400,3400.0,6.415094339622642
435,emilyward@naver.com,A057540,옴니시스템,19.0,0.0,19.0,970.0,1038,68.0,7.010309278350515
436,emilyward@naver.com,A425040,티이엠씨,25.0,0.0,25.0,19350.0,18250,-1100.0,-5.684754521963824
437,emilyward@naver.com,A399720,가온칩스,83.0,67.0,16.0,91500.0,74700,-16800.0,-18.360655737704917
438,emilyward@naver.com,A250930,예선테크,71.0,0.0,71.0,684.0,679,-5.0,-0.7309941520467835
439,emilyward@naver.com,A082920,비츠로셀,34.0,0.0,34.0,17190.0,19950,2760.0,16.05584642233857
440,emilyward@naver.com,A328130,루닛,74.0,0.0,74.0,52700.0,56900,4200.0,7.969639468690702
441,jordanwalker@yahoo.com,A120110,코오롱인더,291.0,30.0,261.0,38400.0,42700,4300.0,11.197916666666668
443,jordanwalker@yahoo.com,A095190,이엠코리아,66.0,0.0,66.0,2820.0,3065,245.0,8.687943262411348
444,jordanwalker@yahoo.com,A177350,베셀,135.0,0.0,135.0,427.0,411,-16.0,-3.747072599531616
445,jordanwalker@yahoo.com,A000660,SK하이닉스,48.0,0.0,48.0,177100.0,198600,21500.0,12.140033879164314
446,jordanwalker@yahoo.com,A058470,리노공업,73.0,0.0,73.0,253000.0,262000,9000.0,3.557312252964427
447,jordanwalker@yahoo.com,A396470,워트,52.0,0.0,52.0,10180.0,9140,-1040.0,-10.216110019646365
448,jordanwalker@yahoo.com,A173130,오파스넷,40.0,8.0,32.0,7270.0,9170,1900.0,26.13480055020633
449,jordanwalker@yahoo.com,A011420,갤럭시아에스엠,120.0,55.0,65.0,2185.0,2290,105.0,4.805491990846682
450,jordanwalker@yahoo.com,A083450,GST,62.0,61.0,1.0,48750.0,44600,-4150.0,-8.512820512820513
451,jordanwalker@yahoo.com,A078160,메디포스트,89.0,0.0,89.0,7010.0,6870,-140.0,-1.9971469329529243
452,jordanwalker@yahoo.com,A338220,뷰노,307.0,0.0,307.0,27950.0,29200,1250.0,4.47227191413238
453,jordanwalker@yahoo.com,A066670,디티씨,46.0,0.0,46.0,4735.0,4825,90.0,1.9007391763463568
454,jordanwalker@yahoo.com,A033160,엠케이전자,86.0,0.0,86.0,11740.0,12410,670.0,5.706984667802385
455,jordanwalker@yahoo.com,A420770,기가비스,39.0,0.0,39.0,62300.0,63800,1500.0,2.4077046548956664
456,jordanwalker@yahoo.com,A149950,아바텍,94.0,0.0,94.0,12140.0,13400,1260.0,10.378912685337728
457,jordanwalker@yahoo.com,A085810,알티캐스트,57.0,0.0,57.0,976.0,886,-90.0,-9.221311475409836
458,jordanwalker@yahoo.com,A024900,덕양산업,61.0,0.0,61.0,5030.0,4710,-320.0,-6.36182902584493
459,ashleyrobinson@gmail.com,A092870,엑시콘,60.0,59.0,1.0,21300.0,18960,-2340.0,-10.985915492957748
460,ashleyrobinson@gmail.com,A066570,LG전자,70.0,49.0,21.0,90600.0,94100,3500.0,3.863134657836645
462,ashleyrobinson@gmail.com,A078150,HB테크놀러지,142.0,0.0,142.0,3360.0,3280,-80.0,-2.380952380952381
463,ashleyrobinson@gmail.com,A032640,LG유플러스,78.0,76.0,2.0,9800.0,9770,-30.0,-0.30612244897959184
464,ashleyrobinson@gmail.com,A038010,제일테크노스,89.0,88.0,1.0,6930.0,7130,200.0,2.886002886002886
465,ashleyrobinson@gmail.com,A115160,휴맥스,75.0,72.0,3.0,2330.0,2290,-40.0,-1.7167381974248928
466,ashleyrobinson@gmail.com,A033170,시그네틱스,70.0,44.0,26.0,1880.0,1543,-337.0,-17.925531914893618
467,ashleyrobinson@gmail.com,A232830,시큐센,50.0,0.0,50.0,2490.0,2470,-20.0,-0.8032128514056224
469,ashleyrobinson@gmail.com,A093640,케이알엠,186.0,0.0,186.0,8270.0,7920,-350.0,-4.2321644498186215
470,ashleyrobinson@gmail.com,A064760,티씨케이,183.0,0.0,183.0,124300.0,109000,-15300.0,-12.308930008045053
471,ashleyrobinson@gmail.com,A163730,핑거,71.0,24.0,47.0,8350.0,8290,-60.0,-0.718562874251497
472,ashleyrobinson@gmail.com,A068790,DMS,60.0,0.0,60.0,6120.0,6770,650.0,10.620915032679738
473,ashleyrobinson@gmail.com,A042940,상지건설,113.0,0.0,113.0,418.0,3655,3237.0,774.4019138755981
476,ashleyrobinson@gmail.com,A376190,LB루셈,37.0,28.0,9.0,6650.0,6400,-250.0,-3.7593984962406015
477,ashleyrobinson@gmail.com,A130660,한전산업,76.0,0.0,76.0,7840.0,8490,650.0,8.290816326530612
478,ashleyrobinson@gmail.com,A145210,다이나믹디자인,65.0,12.0,53.0,7880.0,7430,-450.0,-5.710659898477157
479,ashleyrobinson@gmail.com,A255440,야스,63.0,0.0,63.0,11910.0,11040,-870.0,-7.304785894206549
480,ashleyrobinson@gmail.com,A055550,신한지주,98.0,44.0,54.0,47650.0,47400,-250.0,-0.5246589716684155
481,ashleyrobinson@gmail.com,A039310,세중,34.0,0.0,34.0,1965.0,2000,35.0,1.7811704834605597
